{"cameraMode":{"drawMode":0,"name":"Shaded","section":"Shading Mode"},"sceneLighting":true,"audioPlay":false,"sceneViewState":{"showFog":true,"showMaterialUpdate":false,"showSkybox":true,"showFlares":true,"showImageEffects":true,"showParticleSystems":true},"in2DMode":false,"pivot":{"x":32.21083068847656,"y":7.322738170623779,"z":185.6145782470703},"rotation":{"x":0.06665074825286865,"y":0.35557401180267336,"z":-0.02543056197464466,"w":0.9319217205047607},"size":6.7611308097839359,"orthographic":false}