{"cameraMode":{"drawMode":0,"name":"Shaded","section":"Shading Mode"},"sceneLighting":true,"audioPlay":false,"sceneViewState":{"showFog":true,"showMaterialUpdate":false,"showSkybox":true,"showFlares":true,"showImageEffects":true,"showParticleSystems":true},"in2DMode":false,"pivot":{"x":46.29756164550781,"y":-1.661189079284668,"z":152.9527130126953},"rotation":{"x":0.2764239013195038,"y":-0.23203952610492707,"z":0.06896550953388214,"w":0.9300491213798523},"size":14.319046020507813,"orthographic":false}